edge,adamic_adar,jaccard,preferential_attachment,resource_allocation,common_neighbors,shortest_path,edge_persistence,cc_u_delta,cc_v_delta,label
"('mikegrigsby', 'chrisgaskill')",0.0,0.0,6,0.0,0,3,0,0.006060606060606072,0.0,1
"('mikegrigsby', 'johnlavorato')",0.6213349345596119,0.05263157894736842,84,0.2,1,2,2,0.006060606060606072,-0.021978021978021983,1
"('chrisabel', 'davidport')",0.5581106265512472,0.2,8,0.16666666666666666,1,2,0,-0.6666666666666667,0.0,1
"('chrisabel', 'tanajones')",0.0,0.0,84,0.0,0,3,0,-0.6666666666666667,-0.016017316017316013,1
"('davidoxley', 'cindyolson')",0.0,0.0,4,0.0,0,6,0,-0.16666666666666663,-1.0,1
"('davidoxley', 'amyfitzpatrick')",1.4426950408889634,0.2,8,0.5,1,2,0,-0.16666666666666663,0.0,1
"('davidoxley', 'wescolwell')",0.4170323914242463,0.125,20,0.09090909090909091,1,2,1,-0.16666666666666663,0.1,1
"('davidoxley', 'sallybeck')",0.0,0.0,24,0.0,0,3,0,-0.16666666666666663,-0.21428571428571427,1
"('sheilatweed', 'michellecash')",0.0,0.0,6,0.0,0,5,2,0.6666666666666666,-0.14285714285714285,1
"('robmilnthorp', 'peterkeohane')",0.0,0.0,3,0.0,0,5,1,0.0,0.0,1
"('janetdietrich', 'sheilaglover')",0.0,0.0,2,0.0,0,5,0,0.0,0.0,1
"('janetdietrich', 'chrisgaskill')",0.0,0.0,1,0.0,0,4,0,0.0,0.0,1
"('janetdietrich', 'rickbuy')",0.0,0.0,6,0.0,0,3,1,0.0,0.13333333333333333,1
"('kennethlay', 'johnambler')",0.0,0.0,1,0.0,0,-1,0,0.0,0.0,1
"('louisekitchen', 'stuartzisman')",0.0,0.0,11,0.0,0,4,1,0.04655344655344655,0.0,1
"('louisekitchen', 'amyfitzpatrick')",0.0,0.0,22,0.0,0,3,0,0.04655344655344655,0.0,1
"('louisekitchen', 'sallybeck')",1.1352332769293625,0.13333333333333333,66,0.34285714285714286,2,2,2,0.04655344655344655,-0.21428571428571427,1
"('louisekitchen', 'davidport')",0.0,0.0,22,0.0,0,3,0,0.04655344655344655,0.0,1
"('louisekitchen', 'arsystem')",0.5138983423697507,0.0625,66,0.14285714285714285,1,2,1,0.04655344655344655,0.13333333333333333,1
"('louisekitchen', 'travismccullough')",0.5138983423697507,0.07692307692307693,33,0.14285714285714285,1,2,1,0.04655344655344655,0.0,1
"('stuartzisman', 'louisekitchen')",0.0,0.0,11,0.0,0,4,1,0.0,0.04655344655344655,1
"('stuartzisman', 'johnlavorato')",0.0,0.0,14,0.0,0,4,0,0.0,-0.021978021978021983,1
"('jeffdasovich', 'chrisstokley')",0.5138983423697507,0.08333333333333333,22,0.14285714285714285,1,2,0,0.07792207792207792,0.0,1
"('cindyolson', 'davidoxley')",0.0,0.0,4,0.0,0,6,0,-1.0,-0.16666666666666663,1
"('cindyolson', 'karendenne')",0.0,0.0,4,0.0,0,7,0,-1.0,-0.16666666666666663,1
"('richardcausey', 'karendenne')",0.0,0.0,12,0.0,0,4,0,0.0,-0.16666666666666663,1
"('sheilaglover', 'janetdietrich')",0.0,0.0,2,0.0,0,5,0,0.0,0.0,1
"('sheilaglover', 'wescolwell')",0.0,0.0,10,0.0,0,5,0,0.0,0.1,1
"('timbelden', 'richardshapiro')",0.7959555731141975,0.14285714285714285,63,0.16233766233766234,2,2,1,0.0,-0.33333333333333337,1
"('timbelden', 'amyfitzpatrick')",1.4426950408889634,0.125,14,0.5,1,2,0,0.0,0.0,1
"('timbelden', 'sallybeck')",0.0,0.0,42,0.0,0,3,0,0.0,-0.21428571428571427,1
"('timbelden', 'stewartrosman')",0.0,0.0,7,0.0,0,3,0,0.0,0.0,1
"('davidbaumbach', 'ericbass')",0.7213475204444817,0.3333333333333333,4,0.25,1,2,1,0.0,0.0,1
"('laureladams', 'marycook')",1.7793908893640002,0.4,45,0.42857142857142855,4,2,1,-0.1333333333333333,-0.037878787878787845,1
"('andyzipper', 'johnarnold')",1.100270702134433,0.125,77,0.3214285714285714,2,2,0,-0.8571428571428572,0.022222222222222227,1
"('andyzipper', 'gregwhalley')",1.000258116249563,0.2,35,0.27142857142857146,2,2,0,-0.8571428571428572,-0.014285714285714263,1
"('richardshapiro', 'timbelden')",0.7959555731141975,0.14285714285714285,63,0.16233766233766234,2,2,1,-0.33333333333333337,0.0,1
"('amyfitzpatrick', 'davidoxley')",1.4426950408889634,0.2,8,0.5,1,2,0,0.0,-0.16666666666666663,1
"('amyfitzpatrick', 'louisekitchen')",0.0,0.0,22,0.0,0,3,0,0.0,0.04655344655344655,1
"('amyfitzpatrick', 'timbelden')",1.4426950408889634,0.125,14,0.5,1,2,0,0.0,0.0,1
"('peterkeohane', 'robmilnthorp')",0.0,0.0,3,0.0,0,5,1,0.0,0.0,1
"('sarashackleton', 'stewartrosman')",0.0,0.0,14,0.0,0,3,1,-0.09743589743589745,0.0,1
"('stevenharris', 'rodhayslett')",0.0,0.0,10,0.0,0,-1,1,0.2,0.0,1
"('scottneal', 'johnarnold')",0.8340427950033699,0.13333333333333333,66,0.18253968253968253,2,2,0,0.06666666666666667,0.022222222222222227,1
"('chrisgaskill', 'mikegrigsby')",0.0,0.0,6,0.0,0,3,0,0.0,0.006060606060606072,1
"('chrisgaskill', 'janetdietrich')",0.0,0.0,1,0.0,0,4,0,0.0,0.0,1
"('chrisgaskill', 'keithholst')",0.0,0.0,1,0.0,0,4,0,0.0,-1.0,1
"('chrisgaskill', 'gregwhalley')",0.0,0.0,5,0.0,0,3,0,0.0,-0.014285714285714263,1
"('edwardsacks', 'christianyoder')",1.262090897128557,0.3333333333333333,32,0.28095238095238095,3,2,0,-0.21190476190476187,-0.16666666666666666,1
"('edwardsacks', 'marieheard')",0.7073819204430023,0.2222222222222222,24,0.11904761904761904,2,2,0,-0.21190476190476187,-0.33333333333333337,1
"('chrisstokley', 'jeffdasovich')",0.5138983423697507,0.08333333333333333,22,0.14285714285714285,1,2,0,0.0,0.07792207792207792,1
"('chrisstokley', 'robertbadeer')",0.5138983423697507,0.5,2,0.14285714285714285,1,2,0,0.0,0.0,1
"('chrisstokley', 'stewartrosman')",0.0,0.0,2,0.0,0,4,1,0.0,0.0,1
"('alanaronowitz', 'marycook')",0.6977281118219061,0.2,27,0.11428571428571428,2,2,0,-0.6666666666666667,-0.037878787878787845,1
"('alanaronowitz', 'michellecash')",0.0,0.0,6,0.0,0,5,0,-0.6666666666666667,-0.14285714285714285,1
"('kevinhyatt', 'lornabrennan')",1.3426824550040934,0.5,8,0.45,2,2,0,-0.09999999999999998,1.0,1
"('kevinhyatt', 'larrycampbell')",0.7213475204444817,0.25,4,0.25,1,2,0,-0.09999999999999998,0.0,1
"('wescolwell', 'davidoxley')",0.4170323914242463,0.125,20,0.09090909090909091,1,2,1,0.1,-0.16666666666666663,1
"('wescolwell', 'sheilaglover')",0.0,0.0,10,0.0,0,5,0,0.1,0.0,1
"('wescolwell', 'sallybeck')",1.424137568996588,0.2222222222222222,30,0.47619047619047616,2,2,1,0.1,-0.21428571428571427,1
"('juliamurray', 'marycook')",0.3284587387530511,0.1,18,0.047619047619047616,1,2,0,0.0,-0.037878787878787845,1
"('juliamurray', 'jamesderrick')",0.0,0.0,8,0.0,0,3,0,0.0,0.0,1
"('juliamurray', 'michellecash')",0.0,0.0,4,0.0,0,5,0,0.0,-0.14285714285714285,1
"('johnarnold', 'andyzipper')",1.100270702134433,0.125,77,0.3214285714285714,2,2,0,0.022222222222222227,-0.8571428571428572,1
"('johnarnold', 'scottneal')",0.8340427950033699,0.13333333333333333,66,0.18253968253968253,2,2,0,0.022222222222222227,0.06666666666666667,1
"('johnarnold', 'gregwhalley')",0.3789231816899512,0.06666666666666667,55,0.07142857142857142,1,2,1,0.022222222222222227,-0.014285714285714263,1
"('johnarnold', 'jimschwieger')",0.0,0.0,44,0.0,0,3,0,0.022222222222222227,0.0,1
"('sallybeck', 'davidoxley')",0.0,0.0,24,0.0,0,3,0,-0.21428571428571427,-0.16666666666666663,1
"('sallybeck', 'louisekitchen')",1.1352332769293625,0.13333333333333333,66,0.34285714285714286,2,2,2,-0.21428571428571427,0.04655344655344655,1
"('sallybeck', 'timbelden')",0.0,0.0,42,0.0,0,3,0,-0.21428571428571427,0.0,1
"('sallybeck', 'wescolwell')",1.424137568996588,0.2222222222222222,30,0.47619047619047616,2,2,1,-0.21428571428571427,0.1,1
"('sallybeck', 'johnlavorato')",1.1352332769293625,0.1111111111111111,84,0.34285714285714286,2,2,1,-0.21428571428571427,-0.021978021978021983,1
"('christianyoder', 'edwardsacks')",1.262090897128557,0.3333333333333333,32,0.28095238095238095,3,2,0,-0.16666666666666666,-0.21190476190476187,1
"('marycook', 'laureladams')",1.7793908893640002,0.4,45,0.42857142857142855,4,2,1,-0.037878787878787845,-0.1333333333333333,1
"('marycook', 'alanaronowitz')",0.6977281118219061,0.2,27,0.11428571428571428,2,2,0,-0.037878787878787845,-0.6666666666666667,1
"('marycook', 'juliamurray')",0.3284587387530511,0.1,18,0.047619047619047616,1,2,0,-0.037878787878787845,0.0,1
"('marycook', 'marieheard')",0.7073819204430023,0.2,27,0.11904761904761904,2,2,1,-0.037878787878787845,-0.33333333333333337,1
"('keithholst', 'chrisgaskill')",0.0,0.0,1,0.0,0,4,0,-1.0,0.0,1
"('davidport', 'chrisabel')",0.5581106265512472,0.2,8,0.16666666666666666,1,2,0,0.0,-0.6666666666666667,1
"('davidport', 'louisekitchen')",0.0,0.0,22,0.0,0,3,0,0.0,0.04655344655344655,1
"('davidport', 'gregwhalley')",0.5581106265512472,0.16666666666666666,10,0.16666666666666666,1,2,1,0.0,-0.014285714285714263,1
"('davidport', 'johnlavorato')",0.5581106265512472,0.06666666666666667,28,0.16666666666666666,1,2,0,0.0,-0.021978021978021983,1
"('arsystem', 'louisekitchen')",0.5138983423697507,0.0625,66,0.14285714285714285,1,2,1,0.13333333333333333,0.04655344655344655,1
"('arsystem', 'johnlavorato')",1.072008968920998,0.1111111111111111,84,0.30952380952380953,2,2,0,0.13333333333333333,-0.021978021978021983,1
"('stephaniepanus', 'susanbailey')",2.7198544285924395,0.8571428571428571,42,0.6662698412698412,6,2,1,-0.07619047619047614,-0.050000000000000044,1
"('stephaniepanus', 'marieheard')",1.162501533756421,0.42857142857142855,21,0.23015873015873015,3,2,0,-0.07619047619047614,-0.33333333333333337,1
"('stephaniepanus', 'debraperlingiere')",0.45511961331341866,0.1111111111111111,21,0.1111111111111111,1,2,0,-0.07619047619047614,0.0,1
"('johnambler', 'kennethlay')",0.0,0.0,1,0.0,0,-1,0,0.0,0.0,1
"('ericbass', 'davidbaumbach')",0.7213475204444817,0.3333333333333333,4,0.25,1,2,1,0.0,0.0,1
"('travismccullough', 'louisekitchen')",0.5138983423697507,0.07692307692307693,33,0.14285714285714285,1,2,1,0.0,0.04655344655344655,1
"('travismccullough', 'elizabethsager')",0.45511961331341866,0.058823529411764705,45,0.1111111111111111,1,2,1,0.0,0.033766233766233764,1
"('tanajones', 'chrisabel')",0.0,0.0,84,0.0,0,3,0,-0.016017316017316013,-0.6666666666666667,1
"('robertbadeer', 'chrisstokley')",0.5138983423697507,0.5,2,0.14285714285714285,1,2,0,0.0,0.0,1
"('gregwhalley', 'andyzipper')",1.000258116249563,0.2,35,0.27142857142857146,2,2,0,-0.014285714285714263,-0.8571428571428572,1
"('gregwhalley', 'chrisgaskill')",0.0,0.0,5,0.0,0,3,0,-0.014285714285714263,0.0,1
"('gregwhalley', 'johnarnold')",0.3789231816899512,0.06666666666666667,55,0.07142857142857142,1,2,1,-0.014285714285714263,0.022222222222222227,1
"('gregwhalley', 'davidport')",0.5581106265512472,0.16666666666666666,10,0.16666666666666666,1,2,1,-0.014285714285714263,0.0,1
"('susanbailey', 'stephaniepanus')",2.7198544285924395,0.8571428571428571,42,0.6662698412698412,6,2,1,-0.050000000000000044,-0.07619047619047614,1
"('susanbailey', 'marieheard')",1.162501533756421,0.5,18,0.23015873015873015,3,2,0,-0.050000000000000044,-0.33333333333333337,1
"('jamesderrick', 'juliamurray')",0.0,0.0,8,0.0,0,3,0,0.0,0.0,1
"('jamesderrick', 'karendenne')",0.0,0.0,16,0.0,0,6,0,0.0,-0.16666666666666663,1
"('johnlavorato', 'mikegrigsby')",0.6213349345596119,0.05263157894736842,84,0.2,1,2,2,-0.021978021978021983,0.006060606060606072,1
"('johnlavorato', 'stuartzisman')",0.0,0.0,14,0.0,0,4,0,-0.021978021978021983,0.0,1
"('johnlavorato', 'sallybeck')",1.1352332769293625,0.1111111111111111,84,0.34285714285714286,2,2,1,-0.021978021978021983,-0.21428571428571427,1
"('johnlavorato', 'davidport')",0.5581106265512472,0.06666666666666667,28,0.16666666666666666,1,2,0,-0.021978021978021983,0.0,1
"('johnlavorato', 'arsystem')",1.072008968920998,0.1111111111111111,84,0.30952380952380953,2,2,0,-0.021978021978021983,0.13333333333333333,1
"('markkoenig', 'karendenne')",0.0,0.0,4,0.0,0,-1,1,0.0,-0.16666666666666663,1
"('jimschwieger', 'johnarnold')",0.0,0.0,44,0.0,0,3,0,0.0,0.022222222222222227,1
"('karendenne', 'cindyolson')",0.0,0.0,4,0.0,0,7,0,-0.16666666666666663,-1.0,1
"('karendenne', 'richardcausey')",0.0,0.0,12,0.0,0,4,0,-0.16666666666666663,0.0,1
"('karendenne', 'jamesderrick')",0.0,0.0,16,0.0,0,6,0,-0.16666666666666663,0.0,1
"('karendenne', 'markkoenig')",0.0,0.0,4,0.0,0,-1,1,-0.16666666666666663,0.0,1
"('elizabethsager', 'travismccullough')",0.45511961331341866,0.058823529411764705,45,0.1111111111111111,1,2,1,0.033766233766233764,0.0,1
"('rickbuy', 'janetdietrich')",0.0,0.0,6,0.0,0,3,1,0.13333333333333333,0.0,1
"('stephaniesever', 'matthewlenhart')",0.0,0.0,25,0.0,0,4,0,0.2,-0.2333333333333333,1
"('rodhayslett', 'stevenharris')",0.0,0.0,10,0.0,0,-1,1,0.0,0.2,1
"('lornabrennan', 'kevinhyatt')",1.3426824550040934,0.5,8,0.45,2,2,0,1.0,-0.09999999999999998,1
"('marieheard', 'edwardsacks')",0.7073819204430023,0.2222222222222222,24,0.11904761904761904,2,2,0,-0.33333333333333337,-0.21190476190476187,1
"('marieheard', 'marycook')",0.7073819204430023,0.2,27,0.11904761904761904,2,2,1,-0.33333333333333337,-0.037878787878787845,1
"('marieheard', 'stephaniepanus')",1.162501533756421,0.42857142857142855,21,0.23015873015873015,3,2,0,-0.33333333333333337,-0.07619047619047614,1
"('marieheard', 'susanbailey')",1.162501533756421,0.5,18,0.23015873015873015,3,2,0,-0.33333333333333337,-0.050000000000000044,1
"('marieheard', 'tanyarohauer')",1.162501533756421,0.6,15,0.23015873015873015,3,2,0,-0.33333333333333337,-0.20000000000000007,1
"('matthewlenhart', 'stephaniesever')",0.0,0.0,25,0.0,0,4,0,-0.2333333333333333,0.2,1
"('larrycampbell', 'kevinhyatt')",0.7213475204444817,0.25,4,0.25,1,2,0,0.0,-0.09999999999999998,1
"('stewartrosman', 'timbelden')",0.0,0.0,7,0.0,0,3,0,0.0,0.0,1
"('stewartrosman', 'sarashackleton')",0.0,0.0,14,0.0,0,3,1,0.0,-0.09743589743589745,1
"('stewartrosman', 'chrisstokley')",0.0,0.0,2,0.0,0,4,1,0.0,0.0,1
"('debraperlingiere', 'stephaniepanus')",0.45511961331341866,0.1111111111111111,21,0.1111111111111111,1,2,0,0.0,-0.07619047619047614,1
"('tanyarohauer', 'marieheard')",1.162501533756421,0.6,15,0.23015873015873015,3,2,0,-0.20000000000000007,-0.33333333333333337,1
"('michellecash', 'sheilatweed')",0.0,0.0,6,0.0,0,5,2,-0.14285714285714285,0.6666666666666666,1
"('michellecash', 'alanaronowitz')",0.0,0.0,6,0.0,0,5,0,-0.14285714285714285,-0.6666666666666667,1
"('michellecash', 'juliamurray')",0.0,0.0,4,0.0,0,5,0,-0.14285714285714285,0.0,1
"('janetdietrich', 'vkamins')",0.0,0.0,1,0.0,0,-1,0,0.0,0.0,0
"('mikegrigsby', 'richardcausey')",0.0,0.0,18,0.0,0,5,0,0.006060606060606072,0.0,0
"('mikegrigsby', 'samanthaboyd')",0.0,0.0,6,0.0,0,5,0,0.006060606060606072,-0.9,0
"('sheilaglover', 'kaymann')",0.0,0.0,14,0.0,0,3,0,0.0,0.19047619047619047,0
"('alanaronowitz', 'cindyolson')",0.0,0.0,3,0.0,0,4,0,-0.6666666666666667,-1.0,0
"('psellers', 'suzanneadams')",0.0,0.0,6,0.0,0,5,0,0.0,1.0,0
"('samanthaboyd', 'errolmclaughlin')",0.0,0.0,5,0.0,0,3,0,-0.9,-0.033333333333333326,0
"('frankermis', 'kevinhyatt')",0.0,0.0,8,0.0,0,-1,0,-0.6666666666666666,-0.09999999999999998,0
"('marieheard', 'amyfitzpatrick')",0.0,0.0,6,0.0,0,5,0,-0.33333333333333337,0.0,0
"('edwardsacks', 'geraldnemec')",0.36926937306885504,0.0625,72,0.06666666666666667,1,2,0,-0.21190476190476187,-0.05,0
"('kevinhyatt', 'sarashackleton')",0.0,0.0,56,0.0,0,-1,0,-0.09999999999999998,-0.09743589743589745,0
"('larrycampbell', 'frankermis')",0.0,0.0,2,0.0,0,-1,0,0.0,-0.6666666666666666,0
"('joehartsoe', 'lisamellencamp')",0.0,0.0,8,0.0,0,5,0,-1.0,0.0,0
"('kevinhyatt', 'vkaminski')",0.0,0.0,4,0.0,0,-1,0,-0.09999999999999998,0.0,0
"('sallybeck', 'michellelokay')",0.0,0.0,18,0.0,0,-1,0,-0.21428571428571427,-0.033333333333333326,0
"('errolmclaughlin', 'tanyarohauer')",0.0,0.0,25,0.0,0,3,0,-0.033333333333333326,-0.20000000000000007,0
"('jimschwieger', 'pattisullivan')",0.0,0.0,4,0.0,0,4,0,0.0,-1.0,0
"('torikuykendall', 'kennethlay')",0.0,0.0,2,0.0,0,6,0,-0.3333333333333333,0.0,0
"('debraperlingiere', 'edwardsacks')",0.5138983423697507,0.1,24,0.14285714285714285,1,2,2,0.0,-0.21190476190476187,0
"('juliamurray', 'marcusnettelton')",0.3284587387530511,0.25,6,0.047619047619047616,1,2,0,0.0,0.6666666666666667,0
"('shonawilson', 'shelleycorman')",0.0,0.0,2,0.0,0,4,0,-0.3333333333333333,-1.0,0
"('tklohman', 'marcusnettelton')",0.0,0.0,3,0.0,0,-1,0,-1.0,0.6666666666666667,0
"('errolmclaughlin', 'robertfrank')",0.0,0.0,5,0.0,0,4,0,-0.033333333333333326,0.0,0
"('nancysellers', 'timbelden')",0.4170323914242463,0.1,28,0.09090909090909091,1,2,0,-0.16666666666666663,0.0,0
"('sheilaglover', 'suzanneadams')",0.0,0.0,4,0.0,0,4,0,0.0,1.0,0
"('elizabethlinnell', 'samanthaboyd')",0.0,0.0,1,0.0,0,6,0,0.0,-0.9,0
"('joehartsoe', 'sarashackleton')",0.0,0.0,28,0.0,0,4,0,-1.0,-0.09743589743589745,0
"('marcusnettelton', 'gregwhalley')",0.0,0.0,15,0.0,0,3,0,0.6666666666666667,-0.014285714285714263,0
"('torikuykendall', 'debraperlingiere')",0.0,0.0,6,0.0,0,4,0,-0.3333333333333333,0.0,0
"('errolmclaughlin', 'sallybeck')",0.0,0.0,30,0.0,0,3,0,-0.033333333333333326,-0.21428571428571427,0
"('shonawilson', 'johnambler')",0.0,0.0,2,0.0,0,-1,0,-0.3333333333333333,0.0,0
"('gregwhalley', 'amyfitzpatrick')",0.0,0.0,10,0.0,0,4,0,-0.014285714285714263,0.0,0
"('drewfossum', 'marieheard')",0.0,0.0,3,0.0,0,4,0,-0.1,-0.33333333333333337,0
"('sarashackleton', 'jeffdasovich')",0.0,0.0,154,0.0,0,3,0,-0.09743589743589745,0.07792207792207792,0
"('stevenharris', 'russelldiamond')",0.0,0.0,45,0.0,0,-1,0,0.2,-0.2341269841269841,0
"('davidforster', 'kennethlay')",0.0,0.0,4,0.0,0,5,0,0.3333333333333333,0.0,0
"('tanyarohauer', 'stuartzisman')",0.0,0.0,5,0.0,0,3,0,-0.20000000000000007,0.0,0
"('arsystem', 'brenthendry')",0.3284587387530511,0.1111111111111111,24,0.047619047619047616,1,2,0,0.13333333333333333,0.2666666666666667,0
"('marieheard', 'samanthaboyd')",0.3789231816899512,0.3333333333333333,3,0.07142857142857142,1,2,0,-0.33333333333333337,-0.9,0
"('kamkeiser', 'vkaminski')",0.0,0.0,4,0.0,0,-1,0,0.0,0.0,0
"('chrisgaskill', 'chrisabel')",0.0,0.0,4,0.0,0,3,0,0.0,-0.6666666666666667,0
"('alanaronowitz', 'robertbadeer')",0.0,0.0,3,0.0,0,4,0,-0.6666666666666667,0.0,0
"('tanajones', 'lornabrennan')",0.0,0.0,42,0.0,0,-1,0,-0.016017316017316013,1.0,0
"('richardshapiro', 'brianredmond')",0.3789231816899512,0.07692307692307693,45,0.07142857142857142,1,2,0,-0.33333333333333337,-0.9,0
"('chrisgaskill', 'larrycampbell')",0.0,0.0,1,0.0,0,-1,0,0.0,0.0,0
"('edwardsacks', 'stephaniesever')",0.3284587387530511,0.08333333333333333,40,0.047619047619047616,1,2,0,-0.21190476190476187,0.2,0
"('davidoxley', 'stuartzisman')",0.0,0.0,4,0.0,0,4,0,-0.16666666666666663,0.0,0
"('marcusnettelton', 'karendenne')",0.0,0.0,12,0.0,0,5,0,0.6666666666666667,-0.16666666666666663,0
"('psellers', 'wescolwell')",0.0,0.0,15,0.0,0,4,0,0.0,0.1,0
"('barrytycholiz', 'stevenharris')",0.0,0.0,25,0.0,0,-1,0,0.1,0.2,0
"('gregwhalley', 'eldon')",0.0,0.0,15,0.0,0,3,0,-0.014285714285714263,0.33333333333333337,0
"('davidport', 'susanbailey')",0.0,0.0,12,0.0,0,3,0,0.0,-0.050000000000000044,0
"('chrisgermany', 'chrisabel')",0.7213475204444817,0.16666666666666666,12,0.25,1,2,0,0.3333333333333333,-0.6666666666666667,0
"('ziminlu', 'debradavidson')",0.0,0.0,1,0.0,0,5,0,0.0,0.0,0
"('arsystem', 'cameron')",0.0,0.0,24,0.0,0,4,0,0.13333333333333333,-0.16666666666666663,0
"('arsystem', 'tanyarohauer')",0.6977281118219061,0.2222222222222222,30,0.11428571428571428,2,2,0,0.13333333333333333,-0.20000000000000007,0
"('johnambler', 'davidoxley')",0.0,0.0,4,0.0,0,-1,0,0.0,-0.16666666666666663,0
"('gregjohnston', 'sallybeck')",0.0,0.0,12,0.0,0,4,0,0.16666666666666663,-0.21428571428571427,0
"('christianyoder', 'wescolwell')",0.0,0.0,20,0.0,0,3,0,-0.16666666666666666,0.1,0
"('nancysellers', 'juliamurray')",0.0,0.0,8,0.0,0,4,0,-0.16666666666666663,0.0,0
"('juliamurray', 'robmilnthorp')",0.0,0.0,2,0.0,0,4,0,0.0,0.0,0
"('christianyoder', 'shelleycorman')",0.0,0.0,4,0.0,0,3,0,-0.16666666666666666,-1.0,0
"('timbelden', 'barrytycholiz')",0.7959555731141975,0.2,35,0.16233766233766234,2,2,0,0.0,0.1,0
"('michellecash', 'timbelden')",0.7213475204444817,0.125,14,0.25,1,2,0,-0.14285714285714285,0.0,0
"('jamesderrick', 'eldon')",0.0,0.0,12,0.0,0,6,0,0.0,0.33333333333333337,0
"('rosaleefleming', 'debraperlingiere')",0.0,0.0,9,0.0,0,4,0,0.6666666666666666,0.0,0
"('stevenharris', 'louisekitchen')",0.0,0.0,55,0.0,0,-1,0,0.2,0.04655344655344655,0
"('rosaleefleming', 'stevenharris')",0.0,0.0,15,0.0,0,-1,0,0.6666666666666666,0.2,0
"('suzanneadams', 'gregjohnston')",0.0,0.0,4,0.0,0,3,0,1.0,0.16666666666666663,0
"('jayreitmeyer', 'johnarnold')",0.45511961331341866,0.07692307692307693,33,0.1111111111111111,1,2,0,-0.33333333333333337,0.022222222222222227,0
"('errolmclaughlin', 'christianyoder')",0.0,0.0,20,0.0,0,3,0,-0.033333333333333326,-0.16666666666666666,0
"('jayreitmeyer', 'chrisstokley')",0.0,0.0,6,0.0,0,5,0,-0.33333333333333337,0.0,0
"('christianyoder', 'andyzipper')",0.0,0.0,28,0.0,0,3,0,-0.16666666666666666,-0.8571428571428572,0
"('psellers', 'errolmclaughlin')",0.0,0.0,15,0.0,0,5,0,0.0,-0.033333333333333326,0
"('brianredmond', 'michellelokay')",0.0,0.0,15,0.0,0,-1,0,-0.9,-0.033333333333333326,0
"('johnarnold', 'johnambler')",0.0,0.0,11,0.0,0,-1,0,0.022222222222222227,0.0,0
"('eldon', 'lesliereeves')",0.0,0.0,3,0.0,0,6,0,0.33333333333333337,0.0,0
"('rosaleefleming', 'sheilaglover')",0.0,0.0,6,0.0,0,5,0,0.6666666666666666,0.0,0
"('eldon', 'barrytycholiz')",0.4170323914242463,0.14285714285714285,15,0.09090909090909091,1,2,0,0.33333333333333337,0.1,0
"('barrytycholiz', 'sheilaglover')",0.0,0.0,10,0.0,0,4,0,0.1,0.0,0
"('brenthendry', 'stuartzisman')",0.0,0.0,4,0.0,0,4,0,0.2666666666666667,0.0,0
"('juliamurray', 'markkoenig')",0.0,0.0,2,0.0,0,-1,0,0.0,0.0,0
"('stephaniepanus', 'alanaronowitz')",0.3284587387530511,0.1111111111111111,21,0.047619047619047616,1,2,0,-0.07619047619047614,-0.6666666666666667,0
"('nancysellers', 'richardshapiro')",0.4170323914242463,0.08333333333333333,36,0.09090909090909091,1,2,0,-0.16666666666666663,-0.33333333333333337,0
"('matthewlenhart', 'jimschwieger')",1.4426950408889634,0.125,20,0.5,1,2,0,-0.2333333333333333,0.0,0
"('kaymann', 'debradavidson')",0.0,0.0,7,0.0,0,4,0,0.19047619047619047,0.0,0
"('rickbuy', 'johnambler')",0.0,0.0,6,0.0,0,-1,0,0.13333333333333333,0.0,0
"('info', 'ericbass')",0.0,0.0,6,0.0,0,4,0,0.0,0.0,0
"('sarahnovosel', 'johnarnold')",0.0,0.0,11,0.0,0,3,0,0.0,0.022222222222222227,0
"('rickbuy', 'timbelden')",0.3789231816899512,0.08333333333333333,42,0.07142857142857142,1,2,1,0.13333333333333333,0.0,0
"('laureladams', 'davidforster')",0.3284587387530511,0.125,20,0.047619047619047616,1,2,0,-0.1333333333333333,0.3333333333333333,0
"('johnlavorato', 'stephaniesever')",0.5581106265512472,0.05555555555555555,70,0.16666666666666666,1,2,0,-0.021978021978021983,0.2,0
"('torikuykendall', 'susanbailey')",0.0,0.0,12,0.0,0,4,0,-0.3333333333333333,-0.050000000000000044,0
"('marcusnettelton', 'stuartzisman')",0.0,0.0,3,0.0,0,3,0,0.6666666666666667,0.0,0
"('lisamellencamp', 'geraldnemec')",0.36926937306885504,0.08333333333333333,36,0.06666666666666667,1,2,1,0.0,-0.05,0
"('karendenne', 'tanyarohauer')",0.0,0.0,20,0.0,0,4,0,-0.16666666666666663,-0.20000000000000007,0
"('debraperlingiere', 'louisekitchen')",0.0,0.0,33,0.0,0,3,0,0.0,0.04655344655344655,0
"('jimschwieger', 'karendenne')",0.0,0.0,16,0.0,0,4,0,0.0,-0.16666666666666663,0
"('rickbuy', 'debraperlingiere')",0.0,0.0,18,0.0,0,3,0,0.13333333333333333,0.0,0
"('errolmclaughlin', 'davidoxley')",0.0,0.0,20,0.0,0,3,0,-0.033333333333333326,-0.16666666666666663,0
"('mikegrigsby', 'tanyarohauer')",0.0,0.0,30,0.0,0,3,0,0.006060606060606072,-0.20000000000000007,0
"('brenthendry', 'chrisgaskill')",0.0,0.0,4,0.0,0,3,0,0.2666666666666667,0.0,0
"('amyfitzpatrick', 'alanaronowitz')",0.0,0.0,6,0.0,0,5,0,0.0,-0.6666666666666667,0
"('sallybeck', 'tanyarohauer')",0.0,0.0,30,0.0,0,4,1,-0.21428571428571427,-0.20000000000000007,0
"('richardcausey', 'amyfitzpatrick')",0.0,0.0,6,0.0,0,5,0,0.0,0.0,0
"('davidport', 'marycook')",0.0,0.0,18,0.0,0,4,0,0.0,-0.037878787878787845,0
"('janetdietrich', 'debradavidson')",0.0,0.0,1,0.0,0,4,0,0.0,0.0,0
"('debraperlingiere', 'tanajones')",0.45511961331341866,0.043478260869565216,63,0.1111111111111111,1,2,0,0.0,-0.016017316017316013,0
"('jamesderrick', 'chrisstokley')",0.0,0.0,8,0.0,0,5,0,0.0,0.0,0
"('arsystem', 'sheilatweed')",0.36926937306885504,0.125,18,0.06666666666666667,1,2,0,0.13333333333333333,0.6666666666666666,0
"('mikegrigsby', 'debradavidson')",0.0,0.0,6,0.0,0,4,0,0.006060606060606072,0.0,0
"('rosaleefleming', 'alanaronowitz')",0.0,0.0,9,0.0,0,4,0,0.6666666666666666,-0.6666666666666667,0
"('johngriffith', 'sarashackleton')",0.0,0.0,84,0.0,0,3,0,0.26666666666666666,-0.09743589743589745,0
"('errolmclaughlin', 'karendenne')",0.0,0.0,20,0.0,0,4,0,-0.033333333333333326,-0.16666666666666663,0
"('travismccullough', 'christianyoder')",0.0,0.0,12,0.0,0,3,0,0.0,-0.16666666666666666,0
"('brenthendry', 'amyfitzpatrick')",0.0,0.0,8,0.0,0,5,0,0.2666666666666667,0.0,0
"('laureladams', 'johnlavorato')",0.0,0.0,70,0.0,0,3,0,-0.1333333333333333,-0.021978021978021983,0
"('stewartrosman', 'lorrainelindberg')",0.0,0.0,4,0.0,0,-1,0,0.0,-0.5333333333333333,0
"('paulkaufman', 'louisekitchen')",0.0,0.0,33,0.0,0,3,0,0.0,0.04655344655344655,0
"('marycook', 'nancysellers')",0.0,0.0,36,0.0,0,5,0,-0.037878787878787845,-0.16666666666666663,0
"('amyfitzpatrick', 'debradavidson')",0.0,0.0,2,0.0,0,5,0,0.0,0.0,0
"('sheilaglover', 'ericbass')",0.0,0.0,4,0.0,0,6,0,0.0,0.0,0
"('debraperlingiere', 'jeffdasovich')",0.0,0.0,33,0.0,0,3,0,0.0,0.07792207792207792,0
"('johngriffith', 'cheryljohnson')",0.0,0.0,12,0.0,0,3,0,0.26666666666666666,0.0,0
"('torikuykendall', 'richardcausey')",0.0,0.0,6,0.0,0,5,0,-0.3333333333333333,0.0,0
"('johnarnold', 'marcusnettelton')",0.3284587387530511,0.07692307692307693,33,0.047619047619047616,1,2,0,0.022222222222222227,0.6666666666666667,0
"('tanajones', 'paulkaufman')",0.0,0.0,63,0.0,0,4,0,-0.016017316017316013,0.0,0
"('debraperlingiere', 'barrytycholiz')",0.9102392266268373,0.3333333333333333,15,0.2222222222222222,2,2,0,0.0,0.1,0
"('janetdietrich', 'michellelokay')",0.0,0.0,3,0.0,0,-1,0,0.0,-0.033333333333333326,0
"('karendenne', 'edwardsacks')",0.0,0.0,32,0.0,0,4,0,-0.16666666666666663,-0.21190476190476187,0
"('sarashackleton', 'chrisgaskill')",0.0,0.0,14,0.0,0,3,0,-0.09743589743589745,0.0,0
"('jamesderrick', 'lauraluce')",0.0,0.0,16,0.0,0,4,0,0.0,-0.5,0
